1.0.0.jpg,None
1.0.1.jpg,None
1.1.0.jpg,None
1.2.0.jpg,None
1.3.0.jpg,None
1.4.0.jpg,None
1.0.0.jpg,None
1.0.0.jpg_grey.jpg,None
1.0.1.jpg,None
1.1.0.jpg,None
1.2.0.jpg,None
1.3.0.jpg,None
1.4.0.jpg,None
1.0.0.jpg,None
1.0.0.jpg_grey.jpg,None
1.0.1.jpg,None
1.1.0.jpg,None
1.2.0.jpg,None
1.3.0.jpg,None
1.4.0.jpg,None
1.0.0.jpg,None
1.0.0.jpg_grey.jpg,None
1.0.1.jpg,None
1.1.0.jpg,None
1.2.0.jpg,None
1.3.0.jpg,None
1.4.0.jpg,None
1.0.0.jpg,None
1.0.0.jpg_grey.jpg,None
1.0.1.jpg,None
1.1.0.jpg,None
1.2.0.jpg,None
1.3.0.jpg,None
1.4.0.jpg,None
1.0.0.jpg,None
1.0.0.jpg_bw.jpg,None
1.0.0.jpg_grey.jpg,None
1.0.1.jpg,None
1.1.0.jpg,None
1.2.0.jpg,None
1.3.0.jpg,None
1.4.0.jpg,None
1.0.0.jpg,None
1.0.0.jpg_bw.jpg,None
1.0.0.jpg_grey.jpg,None
1.0.1.jpg,None
1.1.0.jpg,None
1.2.0.jpg,None
1.3.0.jpg,None
1.4.0.jpg,None
1.0.0.jpg,None
1.0.0.jpg_bw.jpg,None
1.0.0.jpg_grey.jpg,None
1.0.1.jpg,None
1.1.0.jpg,None
1.2.0.jpg,None
1.3.0.jpg,None
1.4.0.jpg,None
1.0.0.jpg,None
1.0.0.jpg_bw.jpg,None
1.0.0.jpg_grey.jpg,None
1.0.1.jpg,None
1.1.0.jpg,None
1.2.0.jpg,None
1.3.0.jpg,None
1.4.0.jpg,None
1.0.0.jpg,None
1.0.0.jpg_bw.jpg,None
1.0.0.jpg_grey.jpg,None
1.0.1.jpg,None
1.1.0.jpg,None
1.2.0.jpg,None
1.3.0.jpg,None
1.4.0.jpg,None
1.0.0.jpg,None
1.0.0.jpg_bw.jpg,None
1.0.0.jpg_grey.jpg,None
1.0.1.jpg,None
1.1.0.jpg,None
1.2.0.jpg,None
1.3.0.jpg,None
1.4.0.jpg,None
1.0.0.jpg,None
1.0.0.jpg_bw.jpg,None
1.0.0.jpg_grey.jpg,None
1.0.1.jpg,None
1.1.0.jpg,None
1.2.0.jpg,None
1.3.0.jpg,None
1.4.0.jpg,None
1.0.0.jpg,None
1.0.0.jpg_bw.jpg,None
1.0.0.jpg_grey.jpg,None
1.0.1.jpg,None
1.1.0.jpg,None
1.2.0.jpg,None
1.3.0.jpg,None
1.4.0.jpg,None
